"county_name","year","SUMLEV","REGION","DIVISION","Civilian_labor_force","Employed","Unemployed","Unemployment_rate"
"Albany",2000,50,1,2,154389,149260,5129,3.3
"Albany",2001,50,1,2,154790,149607,5183,3.3
"Albany",2002,50,1,2,157688,151424,6264,4
"Albany",2003,50,1,2,157732,150958,6774,4.3
"Albany",2004,50,1,2,158263,151559,6704,4.2
"Albany",2005,50,1,2,159158,152920,6238,3.9
"Albany",2006,50,1,2,159526,153401,6125,3.8
"Albany",2007,50,1,2,158424,152391,6033,3.8
"Albany",2008,50,1,2,159330,151681,7649,4.8
"Albany",2009,50,1,2,158969,148024,10945,6.9
"Albany",2010,50,1,2,161626,150137,11489,7.1
"Albany",2011,50,1,2,158506,147443,11063,7
"Albany",2012,50,1,2,160401,148855,11546,7.2
"Albany",2013,50,1,2,160574,150583,9991,6.2
"Albany",2014,50,1,2,157049,149307,7742,4.9
"Albany",2015,50,1,2,158197,151269,6928,4.4
"Albany",2016,50,1,2,158526,151974,6552,4.1
"Albany",2017,50,1,2,161093,154316,6777,4.2
"Albany",2018,50,1,2,161009,155092,5917,3.7
"Albany",2019,50,1,2,161257,155650,5607,3.5
"Albany",2020,50,1,2,159996,148962,11034,6.9
"Allegany",2000,50,1,2,22711,21608,1103,4.9
"Allegany",2001,50,1,2,23006,21913,1093,4.8
"Allegany",2002,50,1,2,23453,22175,1278,5.4
"Allegany",2003,50,1,2,23390,21846,1544,6.6
"Allegany",2004,50,1,2,23524,22000,1524,6.5
"Allegany",2005,50,1,2,23520,22147,1373,5.8
"Allegany",2006,50,1,2,23530,22308,1222,5.2
"Allegany",2007,50,1,2,23355,22102,1253,5.4
"Allegany",2008,50,1,2,23933,22419,1514,6.3
"Allegany",2009,50,1,2,23911,21794,2117,8.9
"Allegany",2010,50,1,2,24270,22004,2266,9.3
"Allegany",2011,50,1,2,23692,21561,2131,9
"Allegany",2012,50,1,2,23658,21638,2020,8.5
"Allegany",2013,50,1,2,23773,21945,1828,7.7
"Allegany",2014,50,1,2,23292,21833,1459,6.3
"Allegany",2015,50,1,2,20309,18979,1330,6.5
"Allegany",2016,50,1,2,20070,18781,1289,6.4
"Allegany",2017,50,1,2,20060,18740,1320,6.6
"Allegany",2018,50,1,2,19908,18802,1106,5.6
"Allegany",2019,50,1,2,19720,18685,1035,5.2
"Allegany",2020,50,1,2,19498,17990,1508,7.7
"Alleghany",2015,NA,NA,NA,NA,NA,NA,NA
"Alleghany",2016,NA,NA,NA,NA,NA,NA,NA
"Bronx",2000,50,1,2,485706,451119,34587,7.1
"Bronx",2001,50,1,2,485175,449099,36076,7.4
"Bronx",2002,50,1,2,499390,450718,48672,9.7
"Bronx",2003,50,1,2,500787,448262,52525,10.5
"Bronx",2004,50,1,2,504256,458515,45741,9.1
"Bronx",2005,50,1,2,506727,469271,37456,7.4
"Bronx",2006,50,1,2,506580,473426,33154,6.5
"Bronx",2007,50,1,2,512095,478314,33781,6.6
"Bronx",2008,50,1,2,526398,486813,39585,7.5
"Bronx",2009,50,1,2,535750,471589,64161,12
"Bronx",2010,50,1,2,586805,516105,70700,12
"Bronx",2011,50,1,2,586219,516013,70206,12
"Bronx",2012,50,1,2,594885,520367,74518,12.5
"Bronx",2013,50,1,2,600525,530049,70476,11.7
"Bronx",2014,50,1,2,603201,545610,57591,9.5
"Bronx",2015,50,1,2,602931,556946,45985,7.6
"Bronx",2016,50,1,2,603006,560468,42538,7.1
"Bronx",2017,50,1,2,632929,593962,38967,6.2
"Bronx",2018,50,1,2,626880,591303,35577,5.7
"Bronx",2019,50,1,2,625009,591519,33490,5.4
"Bronx",2020,50,1,2,613416,515459,97957,16
"Broome",2000,50,1,2,97978,94437,3541,3.6
"Broome",2001,50,1,2,98127,93951,4176,4.3
"Broome",2002,50,1,2,98808,93018,5790,5.9
"Broome",2003,50,1,2,96673,90994,5679,5.9
"Broome",2004,50,1,2,96053,90785,5268,5.5
"Broome",2005,50,1,2,96232,91515,4717,4.9
"Broome",2006,50,1,2,97035,92555,4480,4.6
"Broome",2007,50,1,2,96672,92442,4230,4.4
"Broome",2008,50,1,2,97404,92038,5366,5.5
"Broome",2009,50,1,2,97545,89457,8088,8.3
"Broome",2010,50,1,2,97931,89241,8690,8.9
"Broome",2011,50,1,2,94855,86646,8209,8.7
"Broome",2012,50,1,2,93879,85603,8276,8.8
"Broome",2013,50,1,2,91828,84512,7316,8
"Broome",2014,50,1,2,87879,82002,5877,6.7
"Broome",2015,50,1,2,86642,81430,5212,6
"Broome",2016,50,1,2,85916,81177,4739,5.5
"Broome",2017,50,1,2,86101,81335,4766,5.5
"Broome",2018,50,1,2,85989,81836,4153,4.8
"Broome",2019,50,1,2,85468,81608,3860,4.5
"Broome",2020,50,1,2,83823,76847,6976,8.3
"Cattaraugus",2000,50,1,2,40965,39119,1846,4.5
"Cattaraugus",2001,50,1,2,41038,38970,2068,5
"Cattaraugus",2002,50,1,2,41762,39397,2365,5.7
"Cattaraugus",2003,50,1,2,42135,39662,2473,5.9
"Cattaraugus",2004,50,1,2,42171,39613,2558,6.1
"Cattaraugus",2005,50,1,2,42100,39827,2273,5.4
"Cattaraugus",2006,50,1,2,41942,39793,2149,5.1
"Cattaraugus",2007,50,1,2,41186,39119,2067,5
"Cattaraugus",2008,50,1,2,41440,38946,2494,6
"Cattaraugus",2009,50,1,2,41689,38038,3651,8.8
"Cattaraugus",2010,50,1,2,39706,35851,3855,9.7
"Cattaraugus",2011,50,1,2,38612,34970,3642,9.4
"Cattaraugus",2012,50,1,2,38264,34639,3625,9.5
"Cattaraugus",2013,50,1,2,38072,34742,3330,8.7
"Cattaraugus",2014,50,1,2,36581,34000,2581,7.1
"Cattaraugus",2015,50,1,2,35157,32929,2228,6.3
"Cattaraugus",2016,50,1,2,34879,32760,2119,6.1
"Cattaraugus",2017,50,1,2,34913,32764,2149,6.2
"Cattaraugus",2018,50,1,2,34788,32949,1839,5.3
"Cattaraugus",2019,50,1,2,34524,32857,1667,4.8
"Cattaraugus",2020,50,1,2,33819,30741,3078,9.1
"Cayuga",2000,50,1,2,40294,38729,1565,3.9
"Cayuga",2001,50,1,2,39928,38220,1708,4.3
"Cayuga",2002,50,1,2,41233,39230,2003,4.9
"Cayuga",2003,50,1,2,41361,39158,2203,5.3
"Cayuga",2004,50,1,2,41652,39492,2160,5.2
"Cayuga",2005,50,1,2,41843,39804,2039,4.9
"Cayuga",2006,50,1,2,41515,39570,1945,4.7
"Cayuga",2007,50,1,2,41059,39267,1792,4.4
"Cayuga",2008,50,1,2,41480,39204,2276,5.5
"Cayuga",2009,50,1,2,41607,38116,3491,8.4
"Cayuga",2010,50,1,2,39915,36448,3467,8.7
"Cayuga",2011,50,1,2,39121,35927,3194,8.2
"Cayuga",2012,50,1,2,39056,35787,3269,8.4
"Cayuga",2013,50,1,2,38810,35875,2935,7.6
"Cayuga",2014,50,1,2,37566,35298,2268,6
"Cayuga",2015,50,1,2,37005,35015,1990,5.4
"Cayuga",2016,50,1,2,36716,34828,1888,5.1
"Cayuga",2017,50,1,2,36537,34715,1822,5
"Cayuga",2018,50,1,2,36770,35143,1627,4.4
"Cayuga",2019,50,1,2,36739,35239,1500,4.1
"Cayuga",2020,50,1,2,36232,33483,2749,7.6
"Chautauqua",2000,50,1,2,67900,65181,2719,4
"Chautauqua",2001,50,1,2,66964,63843,3121,4.7
"Chautauqua",2002,50,1,2,67447,63654,3793,5.6
"Chautauqua",2003,50,1,2,66701,62809,3892,5.8
"Chautauqua",2004,50,1,2,66771,63076,3695,5.5
"Chautauqua",2005,50,1,2,67109,63878,3231,4.8
"Chautauqua",2006,50,1,2,67161,64133,3028,4.5
"Chautauqua",2007,50,1,2,66653,63716,2937,4.4
"Chautauqua",2008,50,1,2,66804,63143,3661,5.5
"Chautauqua",2009,50,1,2,65963,60400,5563,8.4
"Chautauqua",2010,50,1,2,63976,58211,5765,9
"Chautauqua",2011,50,1,2,61754,56660,5094,8.2
"Chautauqua",2012,50,1,2,61194,55903,5291,8.6
"Chautauqua",2013,50,1,2,60159,55211,4948,8.2
"Chautauqua",2014,50,1,2,57704,53745,3959,6.9
"Chautauqua",2015,50,1,2,57502,54012,3490,6.1
"Chautauqua",2016,50,1,2,56159,52844,3315,5.9
"Chautauqua",2017,50,1,2,56459,53096,3363,6
"Chautauqua",2018,50,1,2,55981,53187,2794,5
"Chautauqua",2019,50,1,2,55549,53048,2501,4.5
"Chautauqua",2020,50,1,2,54130,49517,4613,8.5
"Chemung",2000,50,1,2,42647,40817,1830,4.3
"Chemung",2001,50,1,2,42385,40285,2100,5
"Chemung",2002,50,1,2,42285,39545,2740,6.5
"Chemung",2003,50,1,2,41172,38490,2682,6.5
"Chemung",2004,50,1,2,40420,37962,2458,6.1
"Chemung",2005,50,1,2,40572,38409,2163,5.3
"Chemung",2006,50,1,2,40867,38883,1984,4.9
"Chemung",2007,50,1,2,40876,39035,1841,4.5
"Chemung",2008,50,1,2,41141,38872,2269,5.5
"Chemung",2009,50,1,2,41039,37324,3715,9.1
"Chemung",2010,50,1,2,41638,38073,3565,8.6
"Chemung",2011,50,1,2,40863,37636,3227,7.9
"Chemung",2012,50,1,2,40497,37041,3456,8.5
"Chemung",2013,50,1,2,39572,36364,3208,8.1
"Chemung",2014,50,1,2,38121,35717,2404,6.3
"Chemung",2015,50,1,2,37406,35195,2211,5.9
"Chemung",2016,50,1,2,36232,34123,2109,5.8
"Chemung",2017,50,1,2,36329,34337,1992,5.5
"Chemung",2018,50,1,2,36132,34475,1657,4.6
"Chemung",2019,50,1,2,36025,34590,1435,4
"Chemung",2020,50,1,2,36122,33083,3039,8.4
"Chenango",2000,50,1,2,24434,23461,973,4
"Chenango",2001,50,1,2,24524,23418,1106,4.5
"Chenango",2002,50,1,2,24623,23241,1382,5.6
"Chenango",2003,50,1,2,24207,22784,1423,5.9
"Chenango",2004,50,1,2,24032,22683,1349,5.6
"Chenango",2005,50,1,2,24277,23074,1203,5
"Chenango",2006,50,1,2,24722,23516,1206,4.9
"Chenango",2007,50,1,2,24356,23173,1183,4.9
"Chenango",2008,50,1,2,24478,22941,1537,6.3
"Chenango",2009,50,1,2,24419,22206,2213,9.1
"Chenango",2010,50,1,2,23717,21490,2227,9.4
"Chenango",2011,50,1,2,23865,21777,2088,8.7
"Chenango",2012,50,1,2,24093,21984,2109,8.8
"Chenango",2013,50,1,2,24071,22265,1806,7.5
"Chenango",2014,50,1,2,23155,21704,1451,6.3
"Chenango",2015,50,1,2,23047,21780,1267,5.5
"Chenango",2016,50,1,2,22844,21668,1176,5.1
"Chenango",2017,50,1,2,22745,21537,1208,5.3
"Chenango",2018,50,1,2,22816,21763,1053,4.6
"Chenango",2019,50,1,2,22449,21494,955,4.3
"Chenango",2020,50,1,2,22243,20770,1473,6.6
"Clinton",2000,50,1,2,38466,36678,1788,4.6
"Clinton",2001,50,1,2,38785,37053,1732,4.5
"Clinton",2002,50,1,2,39665,37522,2143,5.4
"Clinton",2003,50,1,2,39859,37424,2435,6.1
"Clinton",2004,50,1,2,39797,37357,2440,6.1
"Clinton",2005,50,1,2,39995,37885,2110,5.3
"Clinton",2006,50,1,2,40080,37936,2144,5.3
"Clinton",2007,50,1,2,39699,37513,2186,5.5
"Clinton",2008,50,1,2,39673,37106,2567,6.5
"Clinton",2009,50,1,2,39812,36046,3766,9.5
"Clinton",2010,50,1,2,39748,35778,3970,10
"Clinton",2011,50,1,2,38468,34756,3712,9.6
"Clinton",2012,50,1,2,37952,34331,3621,9.5
"Clinton",2013,50,1,2,37145,33977,3168,8.5
"Clinton",2014,50,1,2,35938,33543,2395,6.7
"Clinton",2015,50,1,2,35861,33758,2103,5.9
"Clinton",2016,50,1,2,35822,33869,1953,5.5
"Clinton",2017,50,1,2,36810,34880,1930,5.2
"Clinton",2018,50,1,2,37069,35456,1613,4.4
"Clinton",2019,50,1,2,37070,35523,1547,4.2
"Clinton",2020,50,1,2,36298,33521,2777,7.7
"Columbia",2000,50,1,2,31424,30350,1074,3.4
"Columbia",2001,50,1,2,31133,30042,1091,3.5
"Columbia",2002,50,1,2,31297,29945,1352,4.3
"Columbia",2003,50,1,2,31312,29927,1385,4.4
"Columbia",2004,50,1,2,31842,30432,1410,4.4
"Columbia",2005,50,1,2,31983,30746,1237,3.9
"Columbia",2006,50,1,2,32330,31138,1192,3.7
"Columbia",2007,50,1,2,31708,30495,1213,3.8
"Columbia",2008,50,1,2,31638,30128,1510,4.8
"Columbia",2009,50,1,2,31442,29090,2352,7.5
"Columbia",2010,50,1,2,32162,29763,2399,7.5
"Columbia",2011,50,1,2,31498,29238,2260,7.2
"Columbia",2012,50,1,2,31633,29371,2262,7.2
"Columbia",2013,50,1,2,31801,29841,1960,6.2
"Columbia",2014,50,1,2,31281,29794,1487,4.8
"Columbia",2015,50,1,2,31352,30094,1258,4
"Columbia",2016,50,1,2,31473,30294,1179,3.7
"Columbia",2017,50,1,2,31685,30493,1192,3.8
"Columbia",2018,50,1,2,31948,30894,1054,3.3
"Columbia",2019,50,1,2,31904,30927,977,3.1
"Columbia",2020,50,1,2,31049,29203,1846,5.9
"Cortland",2000,50,1,2,24094,23051,1043,4.3
"Cortland",2001,50,1,2,24672,23505,1167,4.7
"Cortland",2002,50,1,2,24634,23156,1478,6
"Cortland",2003,50,1,2,24363,22915,1448,5.9
"Cortland",2004,50,1,2,24019,22513,1506,6.3
"Cortland",2005,50,1,2,23924,22625,1299,5.4
"Cortland",2006,50,1,2,23785,22527,1258,5.3
"Cortland",2007,50,1,2,23688,22482,1206,5.1
"Cortland",2008,50,1,2,23979,22464,1515,6.3
"Cortland",2009,50,1,2,24318,22065,2253,9.3
"Cortland",2010,50,1,2,24504,22286,2218,9.1
"Cortland",2011,50,1,2,24380,22301,2079,8.5
"Cortland",2012,50,1,2,24444,22305,2139,8.8
"Cortland",2013,50,1,2,24285,22356,1929,7.9
"Cortland",2014,50,1,2,23633,22082,1551,6.6
"Cortland",2015,50,1,2,23233,21855,1378,5.9
"Cortland",2016,50,1,2,22999,21667,1332,5.8
"Cortland",2017,50,1,2,23380,22035,1345,5.8
"Cortland",2018,50,1,2,23357,22176,1181,5.1
"Cortland",2019,50,1,2,23469,22375,1094,4.7
"Cortland",2020,50,1,2,22908,21148,1760,7.7
"Delaware",2000,50,1,2,22124,21206,918,4.1
"Delaware",2001,50,1,2,22193,21273,920,4.1
"Delaware",2002,50,1,2,23069,21961,1108,4.8
"Delaware",2003,50,1,2,22996,21874,1122,4.9
"Delaware",2004,50,1,2,23103,22041,1062,4.6
"Delaware",2005,50,1,2,23512,22474,1038,4.4
"Delaware",2006,50,1,2,23517,22511,1006,4.3
"Delaware",2007,50,1,2,23085,22102,983,4.3
"Delaware",2008,50,1,2,22739,21398,1341,5.9
"Delaware",2009,50,1,2,22274,20340,1934,8.7
"Delaware",2010,50,1,2,22450,20447,2003,8.9
"Delaware",2011,50,1,2,21748,19848,1900,8.7
"Delaware",2012,50,1,2,21560,19649,1911,8.9
"Delaware",2013,50,1,2,21030,19333,1697,8.1
"Delaware",2014,50,1,2,20004,18681,1323,6.6
"Delaware",2015,50,1,2,19467,18290,1177,6
"Delaware",2016,50,1,2,19234,18154,1080,5.6
"Delaware",2017,50,1,2,19313,18252,1061,5.5
"Delaware",2018,50,1,2,19497,18560,937,4.8
"Delaware",2019,50,1,2,19466,18591,875,4.5
"Delaware",2020,50,1,2,19065,17739,1326,7
"Dutchess",2000,50,1,2,138799,134380,4419,3.2
"Dutchess",2001,50,1,2,140089,135259,4830,3.4
"Dutchess",2002,50,1,2,143264,137191,6073,4.2
"Dutchess",2003,50,1,2,143587,137600,5987,4.2
"Dutchess",2004,50,1,2,144998,138753,6245,4.3
"Dutchess",2005,50,1,2,146915,141149,5766,3.9
"Dutchess",2006,50,1,2,147616,141987,5629,3.8
"Dutchess",2007,50,1,2,145248,139676,5572,3.8
"Dutchess",2008,50,1,2,145570,138199,7371,5.1
"Dutchess",2009,50,1,2,144898,133601,11297,7.8
"Dutchess",2010,50,1,2,149288,137561,11727,7.9
"Dutchess",2011,50,1,2,146498,135428,11070,7.6
"Dutchess",2012,50,1,2,146160,134622,11538,7.9
"Dutchess",2013,50,1,2,145403,135453,9950,6.8
"Dutchess",2014,50,1,2,142064,134432,7632,5.4
"Dutchess",2015,50,1,2,142997,136526,6471,4.5
"Dutchess",2016,50,1,2,143108,137045,6063,4.2
"Dutchess",2017,50,1,2,145985,139767,6218,4.3
"Dutchess",2018,50,1,2,146811,141441,5370,3.7
"Dutchess",2019,50,1,2,148361,143255,5106,3.4
"Dutchess",2020,50,1,2,145395,134736,10659,7.3
"Erie",2000,50,1,2,466753,447277,19476,4.2
"Erie",2001,50,1,2,460435,438908,21527,4.7
"Erie",2002,50,1,2,470243,444593,25650,5.5
"Erie",2003,50,1,2,469867,442607,27260,5.8
"Erie",2004,50,1,2,470981,443783,27198,5.8
"Erie",2005,50,1,2,471986,447446,24540,5.2
"Erie",2006,50,1,2,471307,448164,23143,4.9
"Erie",2007,50,1,2,464418,442978,21440,4.6
"Erie",2008,50,1,2,469884,443377,26507,5.6
"Erie",2009,50,1,2,470857,432055,38802,8.2
"Erie",2010,50,1,2,466015,426603,39412,8.5
"Erie",2011,50,1,2,459408,422449,36959,8
"Erie",2012,50,1,2,461103,422256,38847,8.4
"Erie",2013,50,1,2,459781,424800,34981,7.6
"Erie",2014,50,1,2,447882,420334,27548,6.2
"Erie",2015,50,1,2,447913,423855,24058,5.4
"Erie",2016,50,1,2,445373,423060,22313,5
"Erie",2017,50,1,2,452441,429193,23248,5.1
"Erie",2018,50,1,2,451898,432100,19798,4.4
"Erie",2019,50,1,2,453060,434669,18391,4.1
"Erie",2020,50,1,2,447675,406773,40902,9.1
"Essex",2000,50,1,2,18486,17607,879,4.8
"Essex",2001,50,1,2,18578,17730,848,4.6
"Essex",2002,50,1,2,18783,17806,977,5.2
"Essex",2003,50,1,2,18337,17361,976,5.3
"Essex",2004,50,1,2,18592,17563,1029,5.5
"Essex",2005,50,1,2,18729,17724,1005,5.4
"Essex",2006,50,1,2,18746,17705,1041,5.6
"Essex",2007,50,1,2,18518,17486,1032,5.6
"Essex",2008,50,1,2,18470,17253,1217,6.6
"Essex",2009,50,1,2,18351,16653,1698,9.3
"Essex",2010,50,1,2,18753,17006,1747,9.3
"Essex",2011,50,1,2,18227,16559,1668,9.2
"Essex",2012,50,1,2,18152,16392,1760,9.7
"Essex",2013,50,1,2,18095,16561,1534,8.5
"Essex",2014,50,1,2,17528,16312,1216,6.9
"Essex",2015,50,1,2,17283,16235,1048,6.1
"Essex",2016,50,1,2,17248,16311,937,5.4
"Essex",2017,50,1,2,17481,16531,950,5.4
"Essex",2018,50,1,2,17423,16587,836,4.8
"Essex",2019,50,1,2,17409,16626,783,4.5
"Essex",2020,50,1,2,16947,15615,1332,7.9
"Franklin",2000,50,1,2,22151,20883,1268,5.7
"Franklin",2001,50,1,2,21847,20539,1308,6
"Franklin",2002,50,1,2,22278,20909,1369,6.1
"Franklin",2003,50,1,2,22389,20883,1506,6.7
"Franklin",2004,50,1,2,22340,20878,1462,6.5
"Franklin",2005,50,1,2,22538,21214,1324,5.9
"Franklin",2006,50,1,2,22666,21426,1240,5.5
"Franklin",2007,50,1,2,22586,21354,1232,5.5
"Franklin",2008,50,1,2,22872,21312,1560,6.8
"Franklin",2009,50,1,2,23041,21051,1990,8.6
"Franklin",2010,50,1,2,22260,20232,2028,9.1
"Franklin",2011,50,1,2,21754,19759,1995,9.2
"Franklin",2012,50,1,2,21768,19658,2110,9.7
"Franklin",2013,50,1,2,21529,19578,1951,9.1
"Franklin",2014,50,1,2,20489,18990,1499,7.3
"Franklin",2015,50,1,2,19940,18632,1308,6.6
"Franklin",2016,50,1,2,19804,18662,1142,5.8
"Franklin",2017,50,1,2,20110,18901,1209,6
"Franklin",2018,50,1,2,20029,19008,1021,5.1
"Franklin",2019,50,1,2,19977,19033,944,4.7
"Franklin",2020,50,1,2,19555,18002,1553,7.9
"Fulton",2000,50,1,2,26258,25040,1218,4.6
"Fulton",2001,50,1,2,26275,25086,1189,4.5
"Fulton",2002,50,1,2,26917,25565,1352,5
"Fulton",2003,50,1,2,26498,24962,1536,5.8
"Fulton",2004,50,1,2,26685,25161,1524,5.7
"Fulton",2005,50,1,2,26955,25451,1504,5.6
"Fulton",2006,50,1,2,27437,25997,1440,5.2
"Fulton",2007,50,1,2,27288,25845,1443,5.3
"Fulton",2008,50,1,2,27447,25626,1821,6.6
"Fulton",2009,50,1,2,27264,24602,2662,9.8
"Fulton",2010,50,1,2,26148,23317,2831,10.8
"Fulton",2011,50,1,2,25603,22871,2732,10.7
"Fulton",2012,50,1,2,25370,22534,2836,11.2
"Fulton",2013,50,1,2,24724,22323,2401,9.7
"Fulton",2014,50,1,2,23407,21599,1808,7.7
"Fulton",2015,50,1,2,23409,21892,1517,6.5
"Fulton",2016,50,1,2,23238,21886,1352,5.8
"Fulton",2017,50,1,2,23587,22235,1352,5.7
"Fulton",2018,50,1,2,23312,22133,1179,5.1
"Fulton",2019,50,1,2,23087,21977,1110,4.8
"Fulton",2020,50,1,2,23030,21130,1900,8.3
"Genesee",2000,50,1,2,32509,31228,1281,3.9
"Genesee",2001,50,1,2,32218,30831,1387,4.3
"Genesee",2002,50,1,2,33105,31338,1767,5.3
"Genesee",2003,50,1,2,33135,31295,1840,5.6
"Genesee",2004,50,1,2,32987,31132,1855,5.6
"Genesee",2005,50,1,2,33085,31489,1596,4.8
"Genesee",2006,50,1,2,33132,31617,1515,4.6
"Genesee",2007,50,1,2,32805,31339,1466,4.5
"Genesee",2008,50,1,2,33281,31435,1846,5.5
"Genesee",2009,50,1,2,33110,30543,2567,7.8
"Genesee",2010,50,1,2,31762,29163,2599,8.2
"Genesee",2011,50,1,2,30974,28539,2435,7.9
"Genesee",2012,50,1,2,30841,28365,2476,8
"Genesee",2013,50,1,2,30500,28357,2143,7
"Genesee",2014,50,1,2,29986,28310,1676,5.6
"Genesee",2015,50,1,2,30049,28549,1500,5
"Genesee",2016,50,1,2,29744,28357,1387,4.7
"Genesee",2017,50,1,2,30078,28650,1428,4.7
"Genesee",2018,50,1,2,30386,29131,1255,4.1
"Genesee",2019,50,1,2,30452,29312,1140,3.7
"Genesee",2020,50,1,2,29683,27585,2098,7.1
"Greene",2000,50,1,2,22550,21533,1017,4.5
"Greene",2001,50,1,2,22500,21481,1019,4.5
"Greene",2002,50,1,2,23734,22559,1175,5
"Greene",2003,50,1,2,23712,22483,1229,5.2
"Greene",2004,50,1,2,23250,22003,1247,5.4
"Greene",2005,50,1,2,23740,22590,1150,4.8
"Greene",2006,50,1,2,24109,22970,1139,4.7
"Greene",2007,50,1,2,24076,22951,1125,4.7
"Greene",2008,50,1,2,24181,22777,1404,5.8
"Greene",2009,50,1,2,24090,22052,2038,8.5
"Greene",2010,50,1,2,22130,20080,2050,9.3
"Greene",2011,50,1,2,21619,19568,2051,9.5
"Greene",2012,50,1,2,21525,19354,2171,10.1
"Greene",2013,50,1,2,21339,19422,1917,9
"Greene",2014,50,1,2,20691,19282,1409,6.8
"Greene",2015,50,1,2,20686,19511,1175,5.7
"Greene",2016,50,1,2,20575,19517,1058,5.1
"Greene",2017,50,1,2,20887,19807,1080,5.2
"Greene",2018,50,1,2,21068,20116,952,4.5
"Greene",2019,50,1,2,20722,19836,886,4.3
"Greene",2020,50,1,2,20683,19034,1649,8
"Hamilton",2000,50,1,2,2855,2698,157,5.5
"Hamilton",2001,50,1,2,2756,2624,132,4.8
"Hamilton",2002,50,1,2,2916,2768,148,5.1
"Hamilton",2003,50,1,2,2950,2789,161,5.5
"Hamilton",2004,50,1,2,3056,2885,171,5.6
"Hamilton",2005,50,1,2,3166,2993,173,5.5
"Hamilton",2006,50,1,2,3120,2964,156,5
"Hamilton",2007,50,1,2,3201,3053,148,4.6
"Hamilton",2008,50,1,2,3054,2866,188,6.2
"Hamilton",2009,50,1,2,3016,2787,229,7.6
"Hamilton",2010,50,1,2,2506,2254,252,10.1
"Hamilton",2011,50,1,2,2448,2203,245,10
"Hamilton",2012,50,1,2,2448,2181,267,10.9
"Hamilton",2013,50,1,2,2430,2191,239,9.8
"Hamilton",2014,50,1,2,2427,2245,182,7.5
"Hamilton",2015,50,1,2,2430,2265,165,6.8
"Hamilton",2016,50,1,2,2366,2210,156,6.6
"Hamilton",2017,50,1,2,2359,2186,173,7.3
"Hamilton",2018,50,1,2,2339,2180,159,6.8
"Hamilton",2019,50,1,2,2268,2139,129,5.7
"Hamilton",2020,50,1,2,2204,2035,169,7.7
"Herkimer",2000,50,1,2,31620,30279,1341,4.2
"Herkimer",2001,50,1,2,31108,29713,1395,4.5
"Herkimer",2002,50,1,2,31441,29733,1708,5.4
"Herkimer",2003,50,1,2,31351,29547,1804,5.8
"Herkimer",2004,50,1,2,31339,29557,1782,5.7
"Herkimer",2005,50,1,2,31654,29982,1672,5.3
"Herkimer",2006,50,1,2,31412,29859,1553,4.9
"Herkimer",2007,50,1,2,30911,29422,1489,4.8
"Herkimer",2008,50,1,2,31065,29192,1873,6
"Herkimer",2009,50,1,2,31185,28664,2521,8.1
"Herkimer",2010,50,1,2,31587,28817,2770,8.8
"Herkimer",2011,50,1,2,30770,28070,2700,8.8
"Herkimer",2012,50,1,2,30496,27786,2710,8.9
"Herkimer",2013,50,1,2,29975,27569,2406,8
"Herkimer",2014,50,1,2,28817,26846,1971,6.8
"Herkimer",2015,50,1,2,28373,26590,1783,6.3
"Herkimer",2016,50,1,2,28187,26620,1567,5.6
"Herkimer",2017,50,1,2,28541,26923,1618,5.7
"Herkimer",2018,50,1,2,28407,27020,1387,4.9
"Herkimer",2019,50,1,2,28587,27247,1340,4.7
"Herkimer",2020,50,1,2,28133,25919,2214,7.9
"Jefferson",2000,50,1,2,44876,42249,2627,5.9
"Jefferson",2001,50,1,2,44900,42065,2835,6.3
"Jefferson",2002,50,1,2,45899,42775,3124,6.8
"Jefferson",2003,50,1,2,45934,42769,3165,6.9
"Jefferson",2004,50,1,2,46180,42943,3237,7
"Jefferson",2005,50,1,2,47080,44184,2896,6.2
"Jefferson",2006,50,1,2,48422,45776,2646,5.5
"Jefferson",2007,50,1,2,48036,45457,2579,5.4
"Jefferson",2008,50,1,2,48885,45589,3296,6.7
"Jefferson",2009,50,1,2,49539,45092,4447,9
"Jefferson",2010,50,1,2,50335,45598,4737,9.4
"Jefferson",2011,50,1,2,48994,44189,4805,9.8
"Jefferson",2012,50,1,2,48359,43529,4830,10
"Jefferson",2013,50,1,2,48298,43729,4569,9.5
"Jefferson",2014,50,1,2,46554,42979,3575,7.7
"Jefferson",2015,50,1,2,46451,43366,3085,6.6
"Jefferson",2016,50,1,2,45691,42795,2896,6.3
"Jefferson",2017,50,1,2,45820,42859,2961,6.5
"Jefferson",2018,50,1,2,45466,42953,2513,5.5
"Jefferson",2019,50,1,2,44950,42556,2394,5.3
"Jefferson",2020,50,1,2,44340,40621,3719,8.4
"Kings",2000,50,1,2,1040727,974617,66110,6.4
"Kings",2001,50,1,2,1032816,964737,68079,6.6
"Kings",2002,50,1,2,1052453,961354,91099,8.7
"Kings",2003,50,1,2,1048274,954093,94181,9
"Kings",2004,50,1,2,1062594,982666,79928,7.5
"Kings",2005,50,1,2,1069846,1004675,65171,6.1
"Kings",2006,50,1,2,1076540,1019861,56679,5.3
"Kings",2007,50,1,2,1086150,1029077,57073,5.3
"Kings",2008,50,1,2,1111934,1045310,66624,6
"Kings",2009,50,1,2,1123905,1012858,111047,9.9
"Kings",2010,50,1,2,1172462,1055400,117062,10
"Kings",2011,50,1,2,1174299,1061492,112807,9.6
"Kings",2012,50,1,2,1189756,1072483,117273,9.9
"Kings",2013,50,1,2,1206307,1093739,112568,9.3
"Kings",2014,50,1,2,1213696,1123287,90409,7.4
"Kings",2015,50,1,2,1209375,1139369,70006,5.8
"Kings",2016,50,1,2,1206229,1142605,63624,5.3
"Kings",2017,50,1,2,1264625,1206327,58298,4.6
"Kings",2018,50,1,2,1255597,1202531,53066,4.2
"Kings",2019,50,1,2,1253899,1203056,50843,4.1
"Kings",2020,50,1,2,1202973,1053548,149425,12.4
"Lewis",2000,50,1,2,12669,12018,651,5.1
"Lewis",2001,50,1,2,12499,11735,764,6.1
"Lewis",2002,50,1,2,12631,11832,799,6.3
"Lewis",2003,50,1,2,12430,11621,809,6.5
"Lewis",2004,50,1,2,12524,11693,831,6.6
"Lewis",2005,50,1,2,12723,11962,761,6
"Lewis",2006,50,1,2,13047,12339,708,5.4
"Lewis",2007,50,1,2,12460,11795,665,5.3
"Lewis",2008,50,1,2,12537,11712,825,6.6
"Lewis",2009,50,1,2,12760,11623,1137,8.9
"Lewis",2010,50,1,2,12772,11582,1190,9.3
"Lewis",2011,50,1,2,12413,11206,1207,9.7
"Lewis",2012,50,1,2,12254,11013,1241,10.1
"Lewis",2013,50,1,2,12239,11052,1187,9.7
"Lewis",2014,50,1,2,11853,10915,938,7.9
"Lewis",2015,50,1,2,11749,10930,819,7
"Lewis",2016,50,1,2,11752,10949,803,6.8
"Lewis",2017,50,1,2,11812,11034,778,6.6
"Lewis",2018,50,1,2,11877,11223,654,5.5
"Lewis",2019,50,1,2,11860,11232,628,5.3
"Lewis",2020,50,1,2,11673,10804,869,7.4
"Livingston",2000,50,1,2,32874,31549,1325,4
"Livingston",2001,50,1,2,32698,31271,1427,4.4
"Livingston",2002,50,1,2,32841,30951,1890,5.8
"Livingston",2003,50,1,2,32647,30660,1987,6.1
"Livingston",2004,50,1,2,32675,30749,1926,5.9
"Livingston",2005,50,1,2,32854,31218,1636,5
"Livingston",2006,50,1,2,32889,31309,1580,4.8
"Livingston",2007,50,1,2,32185,30635,1550,4.8
"Livingston",2008,50,1,2,32275,30379,1896,5.9
"Livingston",2009,50,1,2,32157,29411,2746,8.5
"Livingston",2010,50,1,2,32783,30079,2704,8.2
"Livingston",2011,50,1,2,32043,29583,2460,7.7
"Livingston",2012,50,1,2,32096,29545,2551,7.9
"Livingston",2013,50,1,2,31843,29547,2296,7.2
"Livingston",2014,50,1,2,30909,29103,1806,5.8
"Livingston",2015,50,1,2,31195,29543,1652,5.3
"Livingston",2016,50,1,2,31052,29491,1561,5
"Livingston",2017,50,1,2,31205,29646,1559,5
"Livingston",2018,50,1,2,31367,30022,1345,4.3
"Livingston",2019,50,1,2,31434,30159,1275,4.1
"Livingston",2020,50,1,2,30427,28352,2075,6.8
"Madison",2000,50,1,2,34954,33618,1336,3.8
"Madison",2001,50,1,2,34988,33406,1582,4.5
"Madison",2002,50,1,2,35423,33539,1884,5.3
"Madison",2003,50,1,2,35498,33496,2002,5.6
"Madison",2004,50,1,2,35617,33607,2010,5.6
"Madison",2005,50,1,2,36089,34227,1862,5.2
"Madison",2006,50,1,2,36100,34447,1653,4.6
"Madison",2007,50,1,2,35889,34246,1643,4.6
"Madison",2008,50,1,2,36222,34168,2054,5.7
"Madison",2009,50,1,2,36103,33140,2963,8.2
"Madison",2010,50,1,2,35610,32603,3007,8.4
"Madison",2011,50,1,2,34777,31921,2856,8.2
"Madison",2012,50,1,2,34568,31589,2979,8.6
"Madison",2013,50,1,2,34385,31702,2683,7.8
"Madison",2014,50,1,2,33382,31224,2158,6.5
"Madison",2015,50,1,2,32835,30957,1878,5.7
"Madison",2016,50,1,2,32717,30966,1751,5.4
"Madison",2017,50,1,2,32984,31177,1807,5.5
"Madison",2018,50,1,2,33378,31795,1583,4.7
"Madison",2019,50,1,2,33675,32232,1443,4.3
"Madison",2020,50,1,2,33134,30638,2496,7.5
"Monroe",2000,50,1,2,376118,362928,13190,3.5
"Monroe",2001,50,1,2,373652,358269,15383,4.1
"Monroe",2002,50,1,2,375834,355608,20226,5.4
"Monroe",2003,50,1,2,373814,353057,20757,5.6
"Monroe",2004,50,1,2,372709,353119,19590,5.3
"Monroe",2005,50,1,2,376131,359008,17123,4.6
"Monroe",2006,50,1,2,375306,358987,16319,4.3
"Monroe",2007,50,1,2,372313,356147,16166,4.3
"Monroe",2008,50,1,2,375178,354893,20285,5.4
"Monroe",2009,50,1,2,375537,345560,29977,8
"Monroe",2010,50,1,2,378548,347553,30995,8.2
"Monroe",2011,50,1,2,374302,345365,28937,7.7
"Monroe",2012,50,1,2,375735,345696,30039,8
"Monroe",2013,50,1,2,374202,347423,26779,7.2
"Monroe",2014,50,1,2,364023,342750,21273,5.8
"Monroe",2015,50,1,2,364827,346195,18632,5.1
"Monroe",2016,50,1,2,363421,346044,17377,4.8
"Monroe",2017,50,1,2,368701,350616,18085,4.9
"Monroe",2018,50,1,2,369981,354328,15653,4.2
"Monroe",2019,50,1,2,370978,356235,14743,4
"Monroe",2020,50,1,2,367856,337779,30077,8.2
"Montgomery",2000,50,1,2,23584,22463,1121,4.8
"Montgomery",2001,50,1,2,23619,22438,1181,5
"Montgomery",2002,50,1,2,24012,22630,1382,5.8
"Montgomery",2003,50,1,2,23996,22440,1556,6.5
"Montgomery",2004,50,1,2,24149,22698,1451,6
"Montgomery",2005,50,1,2,24673,23354,1319,5.3
"Montgomery",2006,50,1,2,24974,23544,1430,5.7
"Montgomery",2007,50,1,2,24424,23019,1405,5.8
"Montgomery",2008,50,1,2,24622,22902,1720,7
"Montgomery",2009,50,1,2,24441,22094,2347,9.6
"Montgomery",2010,50,1,2,23951,21488,2463,10.3
"Montgomery",2011,50,1,2,23472,21051,2421,10.3
"Montgomery",2012,50,1,2,23424,20954,2470,10.5
"Montgomery",2013,50,1,2,23163,20982,2181,9.4
"Montgomery",2014,50,1,2,22241,20565,1676,7.5
"Montgomery",2015,50,1,2,22235,20765,1470,6.6
"Montgomery",2016,50,1,2,22321,21022,1299,5.8
"Montgomery",2017,50,1,2,22942,21638,1304,5.7
"Montgomery",2018,50,1,2,22919,21745,1174,5.1
"Montgomery",2019,50,1,2,22801,21693,1108,4.9
"Montgomery",2020,50,1,2,22571,20672,1899,8.4
"Nassau",2000,50,1,2,675516,653213,22303,3.3
"Nassau",2001,50,1,2,671226,646336,24890,3.7
"Nassau",2002,50,1,2,681745,649939,31806,4.7
"Nassau",2003,50,1,2,680896,648898,31998,4.7
"Nassau",2004,50,1,2,682683,651557,31126,4.6
"Nassau",2005,50,1,2,689225,661345,27880,4
"Nassau",2006,50,1,2,696705,670669,26036,3.7
"Nassau",2007,50,1,2,693675,668578,25097,3.6
"Nassau",2008,50,1,2,695385,662814,32571,4.7
"Nassau",2009,50,1,2,693067,644412,48655,7
"Nassau",2010,50,1,2,691973,641573,50400,7.3
"Nassau",2011,50,1,2,684374,637173,47201,6.9
"Nassau",2012,50,1,2,692547,643054,49493,7.1
"Nassau",2013,50,1,2,696036,653821,42215,6.1
"Nassau",2014,50,1,2,684808,651793,33015,4.8
"Nassau",2015,50,1,2,696394,666770,29624,4.3
"Nassau",2016,50,1,2,700139,672300,27839,4
"Nassau",2017,50,1,2,719512,690355,29157,4.1
"Nassau",2018,50,1,2,722192,696991,25201,3.5
"Nassau",2019,50,1,2,727960,704146,23814,3.3
"Nassau",2020,50,1,2,714431,657096,57335,8
"New York",2000,50,1,2,9140541,8727537,413004,4.5
"New York",2001,50,1,2,9126538,8680547,445991,4.9
"New York",2002,50,1,2,875468,808754,66714,7.6
"New York",2003,50,1,2,9283810,8689954,593856,6.4
"New York",2004,50,1,2,888203,834039,54164,6.1
"New York",2005,50,1,2,9455488,8986176,469312,5
"New York",2006,50,1,2,911641,873023,38618,4.2
"New York",2007,50,1,2,9511023,9088287,422736,4.4
"New York",2008,50,1,2,9641100,9121271,519829,5.4
"New York",2009,50,1,2,9664010,8853905,810105,8.4
"New York",2010,50,1,2,887865,811259,76606,8.6
"New York",2011,50,1,2,884930,815453,69477,7.9
"New York",2012,50,1,2,9602599,8775083,827516,8.6
"New York",2013,50,1,2,900600,833170,67430,7.5
"New York",2014,50,1,2,9523567,8925328,598239,6.3
"New York",2015,50,1,2,906077,862865,43212,4.8
"New York",2016,50,1,2,908259,867324,40935,4.5
"New York",2017,50,1,2,9838170,9382750,455420,4.6
"New York",2018,50,1,2,955490,920452,35038,3.7
"New York",2019,50,1,2,9853962,9474510,379452,3.9
"New York",2020,50,1,2,9580847,8645489,935358,9.8
"New York State",2015,NA,NA,NA,NA,NA,NA,NA
"New York State",2016,NA,NA,NA,NA,NA,NA,NA
"Niagara",2000,50,1,2,109672,104562,5110,4.7
"Niagara",2001,50,1,2,108517,102547,5970,5.5
"Niagara",2002,50,1,2,111209,104108,7101,6.4
"Niagara",2003,50,1,2,111276,103841,7435,6.7
"Niagara",2004,50,1,2,111330,104369,6961,6.3
"Niagara",2005,50,1,2,111654,105435,6219,5.6
"Niagara",2006,50,1,2,112252,106240,6012,5.4
"Niagara",2007,50,1,2,111140,105306,5834,5.2
"Niagara",2008,50,1,2,113118,105618,7500,6.6
"Niagara",2009,50,1,2,113741,103033,10708,9.4
"Niagara",2010,50,1,2,107989,97385,10604,9.8
"Niagara",2011,50,1,2,105772,96025,9747,9.2
"Niagara",2012,50,1,2,105621,95634,9987,9.5
"Niagara",2013,50,1,2,104967,95856,9111,8.7
"Niagara",2014,50,1,2,101415,94233,7182,7.1
"Niagara",2015,50,1,2,100970,94705,6265,6.2
"Niagara",2016,50,1,2,100281,94345,5936,5.9
"Niagara",2017,50,1,2,101274,95048,6226,6.1
"Niagara",2018,50,1,2,101214,95963,5251,5.2
"Niagara",2019,50,1,2,100946,96169,4777,4.7
"Niagara",2020,50,1,2,99782,89737,10045,10.1
"Oneida",2000,50,1,2,110679,106407,4272,3.9
"Oneida",2001,50,1,2,109356,104363,4993,4.6
"Oneida",2002,50,1,2,111006,105078,5928,5.3
"Oneida",2003,50,1,2,110604,104536,6068,5.5
"Oneida",2004,50,1,2,110303,104516,5787,5.2
"Oneida",2005,50,1,2,111166,105858,5308,4.8
"Oneida",2006,50,1,2,110918,106104,4814,4.3
"Oneida",2007,50,1,2,109712,105098,4614,4.2
"Oneida",2008,50,1,2,110436,104554,5882,5.3
"Oneida",2009,50,1,2,110657,102360,8297,7.5
"Oneida",2010,50,1,2,112343,103595,8748,7.8
"Oneida",2011,50,1,2,109138,100348,8790,8.1
"Oneida",2012,50,1,2,108406,99345,9061,8.4
"Oneida",2013,50,1,2,107128,98964,8164,7.6
"Oneida",2014,50,1,2,103036,96696,6340,6.2
"Oneida",2015,50,1,2,101948,96471,5477,5.4
"Oneida",2016,50,1,2,101706,96689,5017,4.9
"Oneida",2017,50,1,2,103660,98506,5154,5
"Oneida",2018,50,1,2,103140,98587,4553,4.4
"Oneida",2019,50,1,2,104026,99783,4243,4.1
"Oneida",2020,50,1,2,103011,94976,8035,7.8
"Onondaga",2000,50,1,2,230067,222027,8040,3.5
"Onondaga",2001,50,1,2,229071,219849,9222,4
"Onondaga",2002,50,1,2,231880,220418,11462,4.9
"Onondaga",2003,50,1,2,231018,219136,11882,5.1
"Onondaga",2004,50,1,2,231052,219205,11847,5.1
"Onondaga",2005,50,1,2,233547,223026,10521,4.5
"Onondaga",2006,50,1,2,234302,224282,10020,4.3
"Onondaga",2007,50,1,2,232090,222787,9303,4
"Onondaga",2008,50,1,2,233793,221809,11984,5.1
"Onondaga",2009,50,1,2,233715,215560,18155,7.8
"Onondaga",2010,50,1,2,237164,217786,19378,8.2
"Onondaga",2011,50,1,2,232929,214840,18089,7.8
"Onondaga",2012,50,1,2,232618,214042,18576,8
"Onondaga",2013,50,1,2,231423,215189,16234,7
"Onondaga",2014,50,1,2,224355,211780,12575,5.6
"Onondaga",2015,50,1,2,222097,211070,11027,5
"Onondaga",2016,50,1,2,221252,211093,10159,4.6
"Onondaga",2017,50,1,2,223790,213395,10395,4.6
"Onondaga",2018,50,1,2,224664,215744,8920,4
"Onondaga",2019,50,1,2,225593,217112,8481,3.8
"Onondaga",2020,50,1,2,225537,207481,18056,8
"Ontario",2000,50,1,2,54445,52530,1915,3.5
"Ontario",2001,50,1,2,54378,52219,2159,4
"Ontario",2002,50,1,2,55040,52177,2863,5.2
"Ontario",2003,50,1,2,55092,52204,2888,5.2
"Ontario",2004,50,1,2,55425,52632,2793,5
"Ontario",2005,50,1,2,56792,54232,2560,4.5
"Ontario",2006,50,1,2,56840,54363,2477,4.4
"Ontario",2007,50,1,2,56121,53810,2311,4.1
"Ontario",2008,50,1,2,56544,53662,2882,5.1
"Ontario",2009,50,1,2,56971,52770,4201,7.4
"Ontario",2010,50,1,2,56411,52132,4279,7.6
"Ontario",2011,50,1,2,55834,51845,3989,7.1
"Ontario",2012,50,1,2,55960,51830,4130,7.4
"Ontario",2013,50,1,2,55834,52231,3603,6.5
"Ontario",2014,50,1,2,54704,51815,2889,5.3
"Ontario",2015,50,1,2,54971,52355,2616,4.8
"Ontario",2016,50,1,2,55084,52667,2417,4.4
"Ontario",2017,50,1,2,55853,53365,2488,4.5
"Ontario",2018,50,1,2,56602,54397,2205,3.9
"Ontario",2019,50,1,2,56871,54766,2105,3.7
"Ontario",2020,50,1,2,56020,52127,3893,6.9
"Orange",2000,50,1,2,161703,156284,5419,3.4
"Orange",2001,50,1,2,163929,157923,6006,3.7
"Orange",2002,50,1,2,169025,161622,7403,4.4
"Orange",2003,50,1,2,172134,163934,8200,4.8
"Orange",2004,50,1,2,174733,166427,8306,4.8
"Orange",2005,50,1,2,177486,169965,7521,4.2
"Orange",2006,50,1,2,179973,172405,7568,4.2
"Orange",2007,50,1,2,178890,171341,7549,4.2
"Orange",2008,50,1,2,180142,170568,9574,5.3
"Orange",2009,50,1,2,180557,166191,14366,8
"Orange",2010,50,1,2,181433,166688,14745,8.1
"Orange",2011,50,1,2,179117,165198,13919,7.8
"Orange",2012,50,1,2,179353,164966,14387,8
"Orange",2013,50,1,2,178723,166198,12525,7
"Orange",2014,50,1,2,175195,165500,9695,5.5
"Orange",2015,50,1,2,177655,169318,8337,4.7
"Orange",2016,50,1,2,178963,171096,7867,4.4
"Orange",2017,50,1,2,184071,175754,8317,4.5
"Orange",2018,50,1,2,187615,180371,7244,3.9
"Orange",2019,50,1,2,191721,184795,6926,3.6
"Orange",2020,50,1,2,187690,172718,14972,8
"Orleans",2000,50,1,2,20255,19318,937,4.6
"Orleans",2001,50,1,2,19934,18908,1026,5.1
"Orleans",2002,50,1,2,19945,18669,1276,6.4
"Orleans",2003,50,1,2,19914,18513,1401,7
"Orleans",2004,50,1,2,19813,18537,1276,6.4
"Orleans",2005,50,1,2,19949,18824,1125,5.6
"Orleans",2006,50,1,2,19935,18813,1122,5.6
"Orleans",2007,50,1,2,19435,18328,1107,5.7
"Orleans",2008,50,1,2,19419,18086,1333,6.9
"Orleans",2009,50,1,2,19388,17553,1835,9.5
"Orleans",2010,50,1,2,19174,17299,1875,9.8
"Orleans",2011,50,1,2,18842,17088,1754,9.3
"Orleans",2012,50,1,2,18852,16999,1853,9.8
"Orleans",2013,50,1,2,18699,16956,1743,9.3
"Orleans",2014,50,1,2,18026,16633,1393,7.7
"Orleans",2015,50,1,2,17846,16702,1144,6.4
"Orleans",2016,50,1,2,17760,16727,1033,5.8
"Orleans",2017,50,1,2,17847,16800,1047,5.9
"Orleans",2018,50,1,2,17921,17041,880,4.9
"Orleans",2019,50,1,2,17944,17134,810,4.5
"Orleans",2020,50,1,2,17455,16050,1405,8
"Oswego",2000,50,1,2,58570,55788,2782,4.7
"Oswego",2001,50,1,2,58374,55261,3113,5.3
"Oswego",2002,50,1,2,59324,55482,3842,6.5
"Oswego",2003,50,1,2,59867,55430,4437,7.4
"Oswego",2004,50,1,2,59785,55620,4165,7
"Oswego",2005,50,1,2,60210,56465,3745,6.2
"Oswego",2006,50,1,2,60292,56805,3487,5.8
"Oswego",2007,50,1,2,59289,56021,3268,5.5
"Oswego",2008,50,1,2,60047,55918,4129,6.9
"Oswego",2009,50,1,2,60070,54081,5989,10
"Oswego",2010,50,1,2,58976,52573,6403,10.9
"Oswego",2011,50,1,2,58096,51792,6304,10.9
"Oswego",2012,50,1,2,57885,51445,6440,11.1
"Oswego",2013,50,1,2,57193,51407,5786,10.1
"Oswego",2014,50,1,2,54993,50518,4475,8.1
"Oswego",2015,50,1,2,53940,50041,3899,7.2
"Oswego",2016,50,1,2,53335,49835,3500,6.6
"Oswego",2017,50,1,2,53681,50231,3450,6.4
"Oswego",2018,50,1,2,53896,50975,2921,5.4
"Oswego",2019,50,1,2,53933,51128,2805,5.2
"Oswego",2020,50,1,2,53257,48666,4591,8.6
"Otsego",2000,50,1,2,29655,28408,1247,4.2
"Otsego",2001,50,1,2,30169,28885,1284,4.3
"Otsego",2002,50,1,2,31283,29804,1479,4.7
"Otsego",2003,50,1,2,31003,29481,1522,4.9
"Otsego",2004,50,1,2,31333,29792,1541,4.9
"Otsego",2005,50,1,2,31923,30483,1440,4.5
"Otsego",2006,50,1,2,31995,30588,1407,4.4
"Otsego",2007,50,1,2,31561,30159,1402,4.4
"Otsego",2008,50,1,2,31457,29689,1768,5.6
"Otsego",2009,50,1,2,31648,29229,2419,7.6
"Otsego",2010,50,1,2,31907,29443,2464,7.7
"Otsego",2011,50,1,2,31420,28972,2448,7.8
"Otsego",2012,50,1,2,31411,28909,2502,8
"Otsego",2013,50,1,2,31094,28920,2174,7
"Otsego",2014,50,1,2,29966,28240,1726,5.8
"Otsego",2015,50,1,2,28657,27100,1557,5.4
"Otsego",2016,50,1,2,28215,26806,1409,5
"Otsego",2017,50,1,2,28539,27119,1420,5
"Otsego",2018,50,1,2,28653,27416,1237,4.3
"Otsego",2019,50,1,2,28593,27433,1160,4.1
"Otsego",2020,50,1,2,27225,25341,1884,6.9
"Putnam",2000,50,1,2,52159,50650,1509,2.9
"Putnam",2001,50,1,2,52527,50854,1673,3.2
"Putnam",2002,50,1,2,53814,51658,2156,4
"Putnam",2003,50,1,2,54327,52112,2215,4.1
"Putnam",2004,50,1,2,55176,52962,2214,4
"Putnam",2005,50,1,2,56031,53941,2090,3.7
"Putnam",2006,50,1,2,56200,54230,1970,3.5
"Putnam",2007,50,1,2,55576,53725,1851,3.3
"Putnam",2008,50,1,2,55642,53204,2438,4.4
"Putnam",2009,50,1,2,55021,51273,3748,6.8
"Putnam",2010,50,1,2,52633,48765,3868,7.3
"Putnam",2011,50,1,2,51682,48016,3666,7.1
"Putnam",2012,50,1,2,51525,47769,3756,7.3
"Putnam",2013,50,1,2,51300,48099,3201,6.2
"Putnam",2014,50,1,2,50199,47713,2486,5
"Putnam",2015,50,1,2,50525,48354,2171,4.3
"Putnam",2016,50,1,2,50700,48646,2054,4.1
"Putnam",2017,50,1,2,51807,49642,2165,4.2
"Putnam",2018,50,1,2,52203,50294,1909,3.7
"Putnam",2019,50,1,2,52374,50523,1851,3.5
"Putnam",2020,50,1,2,51502,47794,3708,7.2
"Queens",2000,50,1,2,1062379,1006177,56202,5.3
"Queens",2001,50,1,2,1055645,998612,57033,5.4
"Queens",2002,50,1,2,1071287,994972,76315,7.1
"Queens",2003,50,1,2,1061961,984158,77803,7.3
"Queens",2004,50,1,2,1077735,1010578,67157,6.2
"Queens",2005,50,1,2,1089621,1033838,55783,5.1
"Queens",2006,50,1,2,1094560,1046315,48245,4.4
"Queens",2007,50,1,2,1102462,1054783,47679,4.3
"Queens",2008,50,1,2,1126326,1070035,56291,5
"Queens",2009,50,1,2,1133603,1038748,94855,8.4
"Queens",2010,50,1,2,1114830,1018207,96623,8.7
"Queens",2011,50,1,2,1112280,1021978,90302,8.1
"Queens",2012,50,1,2,1123639,1029794,93845,8.4
"Queens",2013,50,1,2,1137783,1049995,87788,7.7
"Queens",2014,50,1,2,1149271,1077982,71289,6.2
"Queens",2015,50,1,2,1152142,1095485,56657,4.9
"Queens",2016,50,1,2,1150751,1099048,51703,4.5
"Queens",2017,50,1,2,1212317,1164592,47725,3.9
"Queens",2018,50,1,2,1193446,1150486,42960,3.6
"Queens",2019,50,1,2,1189965,1148834,41131,3.5
"Queens",2020,50,1,2,1143255,1001408,141847,12.4
"Rensselaer",2000,50,1,2,80621,77717,2904,3.6
"Rensselaer",2001,50,1,2,80827,77748,3079,3.8
"Rensselaer",2002,50,1,2,82211,78434,3777,4.6
"Rensselaer",2003,50,1,2,82044,78201,3843,4.7
"Rensselaer",2004,50,1,2,82863,78997,3866,4.7
"Rensselaer",2005,50,1,2,83762,80248,3514,4.2
"Rensselaer",2006,50,1,2,83901,80483,3418,4.1
"Rensselaer",2007,50,1,2,82971,79498,3473,4.2
"Rensselaer",2008,50,1,2,83684,79411,4273,5.1
"Rensselaer",2009,50,1,2,83921,77597,6324,7.5
"Rensselaer",2010,50,1,2,84679,77980,6699,7.9
"Rensselaer",2011,50,1,2,82885,76538,6347,7.7
"Rensselaer",2012,50,1,2,83475,76917,6558,7.9
"Rensselaer",2013,50,1,2,83391,77684,5707,6.8
"Rensselaer",2014,50,1,2,81048,76657,4391,5.4
"Rensselaer",2015,50,1,2,81439,77625,3814,4.7
"Rensselaer",2016,50,1,2,81585,78036,3549,4.4
"Rensselaer",2017,50,1,2,82480,78844,3636,4.4
"Rensselaer",2018,50,1,2,82980,79777,3203,3.9
"Rensselaer",2019,50,1,2,83111,80119,2992,3.6
"Rensselaer",2020,50,1,2,82398,76864,5534,6.7
"Richmond",2000,50,1,2,216807,205797,11010,5.1
"Richmond",2001,50,1,2,216684,205401,11283,5.2
"Richmond",2002,50,1,2,222017,206586,15431,7
"Richmond",2003,50,1,2,223330,206786,16544,7.4
"Richmond",2004,50,1,2,227178,212812,14366,6.3
"Richmond",2005,50,1,2,231368,219483,11885,5.1
"Richmond",2006,50,1,2,237278,226880,10398,4.4
"Richmond",2007,50,1,2,239804,229204,10600,4.4
"Richmond",2008,50,1,2,245424,232990,12434,5.1
"Richmond",2009,50,1,2,247007,226828,20179,8.2
"Richmond",2010,50,1,2,218630,197881,20749,9.5
"Richmond",2011,50,1,2,217461,197400,20061,9.2
"Richmond",2012,50,1,2,218185,197348,20837,9.6
"Richmond",2013,50,1,2,220021,200334,19687,8.9
"Richmond",2014,50,1,2,219670,203725,15945,7.3
"Richmond",2015,50,1,2,218528,206018,12510,5.7
"Richmond",2016,50,1,2,219313,207941,11372,5.2
"Richmond",2017,50,1,2,230331,219832,10499,4.6
"Richmond",2018,50,1,2,232824,223288,9536,4.1
"Richmond",2019,50,1,2,234704,225697,9007,3.8
"Richmond",2020,50,1,2,221735,198512,23223,10.5
"Rockland",2000,50,1,2,144398,139679,4719,3.3
"Rockland",2001,50,1,2,144418,139311,5107,3.5
"Rockland",2002,50,1,2,147197,140702,6495,4.4
"Rockland",2003,50,1,2,148295,141277,7018,4.7
"Rockland",2004,50,1,2,149430,142712,6718,4.5
"Rockland",2005,50,1,2,151127,145097,6030,4
"Rockland",2006,50,1,2,152428,146753,5675,3.7
"Rockland",2007,50,1,2,153592,147773,5819,3.8
"Rockland",2008,50,1,2,155013,147721,7292,4.7
"Rockland",2009,50,1,2,153887,143105,10782,7
"Rockland",2010,50,1,2,150109,138686,11423,7.6
"Rockland",2011,50,1,2,149100,138351,10749,7.2
"Rockland",2012,50,1,2,150225,139075,11150,7.4
"Rockland",2013,50,1,2,150571,140889,9682,6.4
"Rockland",2014,50,1,2,149157,141405,7752,5.2
"Rockland",2015,50,1,2,151923,144999,6924,4.6
"Rockland",2016,50,1,2,152561,146064,6497,4.3
"Rockland",2017,50,1,2,156380,149629,6751,4.3
"Rockland",2018,50,1,2,157867,152043,5824,3.7
"Rockland",2019,50,1,2,159731,154304,5427,3.4
"Rockland",2020,50,1,2,156756,144690,12066,7.7
"Saint Lawrence",2000,NA,NA,NA,NA,NA,NA,NA
"Saint Lawrence",2001,NA,NA,NA,NA,NA,NA,NA
"Saint Lawrence",2002,NA,NA,NA,NA,NA,NA,NA
"Saint Lawrence",2003,NA,NA,NA,NA,NA,NA,NA
"Saint Lawrence",2004,NA,NA,NA,NA,NA,NA,NA
"Saint Lawrence",2005,NA,NA,NA,NA,NA,NA,NA
"Saint Lawrence",2006,NA,NA,NA,NA,NA,NA,NA
"Saint Lawrence",2007,NA,NA,NA,NA,NA,NA,NA
"Saint Lawrence",2008,NA,NA,NA,NA,NA,NA,NA
"Saint Lawrence",2009,NA,NA,NA,NA,NA,NA,NA
"Saint Lawrence",2010,NA,NA,NA,NA,NA,NA,NA
"Saint Lawrence",2011,NA,NA,NA,NA,NA,NA,NA
"Saint Lawrence",2012,NA,NA,NA,NA,NA,NA,NA
"Saint Lawrence",2013,NA,NA,NA,NA,NA,NA,NA
"Saint Lawrence",2014,NA,NA,NA,NA,NA,NA,NA
"Saint Lawrence",2015,NA,NA,NA,NA,NA,NA,NA
"Saint Lawrence",2016,NA,NA,NA,NA,NA,NA,NA
"Saint Lawrence",2017,NA,NA,NA,NA,NA,NA,NA
"Saint Lawrence",2018,NA,NA,NA,NA,NA,NA,NA
"Saint Lawrence",2019,NA,NA,NA,NA,NA,NA,NA
"Saratoga",2000,50,1,2,110405,106755,3650,3.3
"Saratoga",2001,50,1,2,112205,108445,3760,3.4
"Saratoga",2002,50,1,2,115212,110739,4473,3.9
"Saratoga",2003,50,1,2,116191,111520,4671,4
"Saratoga",2004,50,1,2,117716,113085,4631,3.9
"Saratoga",2005,50,1,2,119905,115513,4392,3.7
"Saratoga",2006,50,1,2,120389,116152,4237,3.5
"Saratoga",2007,50,1,2,119208,114914,4294,3.6
"Saratoga",2008,50,1,2,120995,115542,5453,4.5
"Saratoga",2009,50,1,2,122067,114192,7875,6.5
"Saratoga",2010,50,1,2,118131,109818,8313,7
"Saratoga",2011,50,1,2,115824,108056,7768,6.7
"Saratoga",2012,50,1,2,117330,109223,8107,6.9
"Saratoga",2013,50,1,2,117926,110894,7032,6
"Saratoga",2014,50,1,2,115485,110057,5428,4.7
"Saratoga",2015,50,1,2,116670,111795,4875,4.2
"Saratoga",2016,50,1,2,117493,112934,4559,3.9
"Saratoga",2017,50,1,2,120478,115722,4756,3.9
"Saratoga",2018,50,1,2,121747,117491,4256,3.5
"Saratoga",2019,50,1,2,122310,118367,3943,3.2
"Saratoga",2020,50,1,2,122095,114247,7848,6.4
"Schenectady",2000,50,1,2,72405,69904,2501,3.5
"Schenectady",2001,50,1,2,72327,69870,2457,3.4
"Schenectady",2002,50,1,2,73835,70747,3088,4.2
"Schenectady",2003,50,1,2,73727,70367,3360,4.6
"Schenectady",2004,50,1,2,74335,70957,3378,4.5
"Schenectady",2005,50,1,2,75359,72205,3154,4.2
"Schenectady",2006,50,1,2,76160,73058,3102,4.1
"Schenectady",2007,50,1,2,75410,72334,3076,4.1
"Schenectady",2008,50,1,2,76416,72573,3843,5
"Schenectady",2009,50,1,2,76815,71134,5681,7.4
"Schenectady",2010,50,1,2,79085,72913,6172,7.8
"Schenectady",2011,50,1,2,77178,71348,5830,7.6
"Schenectady",2012,50,1,2,77934,71862,6072,7.8
"Schenectady",2013,50,1,2,77957,72602,5355,6.9
"Schenectady",2014,50,1,2,75998,71888,4110,5.4
"Schenectady",2015,50,1,2,75620,72028,3592,4.8
"Schenectady",2016,50,1,2,75807,72465,3342,4.4
"Schenectady",2017,50,1,2,77313,73869,3444,4.5
"Schenectady",2018,50,1,2,77847,74748,3099,4
"Schenectady",2019,50,1,2,78250,75383,2867,3.7
"Schenectady",2020,50,1,2,78680,72622,6058,7.7
"Schoharie",2000,50,1,2,15156,14512,644,4.2
"Schoharie",2001,50,1,2,15249,14600,649,4.3
"Schoharie",2002,50,1,2,15568,14679,889,5.7
"Schoharie",2003,50,1,2,15455,14621,834,5.4
"Schoharie",2004,50,1,2,15595,14729,866,5.6
"Schoharie",2005,50,1,2,15847,15044,803,5.1
"Schoharie",2006,50,1,2,15855,15046,809,5.1
"Schoharie",2007,50,1,2,15691,14799,892,5.7
"Schoharie",2008,50,1,2,15786,14717,1069,6.8
"Schoharie",2009,50,1,2,15588,14183,1405,9
"Schoharie",2010,50,1,2,15942,14492,1450,9.1
"Schoharie",2011,50,1,2,15582,14174,1408,9
"Schoharie",2012,50,1,2,15435,13996,1439,9.3
"Schoharie",2013,50,1,2,15287,14013,1274,8.3
"Schoharie",2014,50,1,2,14724,13728,996,6.8
"Schoharie",2015,50,1,2,14650,13793,857,5.8
"Schoharie",2016,50,1,2,14731,13917,814,5.5
"Schoharie",2017,50,1,2,14936,14123,813,5.4
"Schoharie",2018,50,1,2,14945,14229,716,4.8
"Schoharie",2019,50,1,2,15017,14350,667,4.4
"Schoharie",2020,50,1,2,14867,13854,1013,6.8
"Schuyler",2000,50,1,2,9375,8957,418,4.5
"Schuyler",2001,50,1,2,9423,8915,508,5.4
"Schuyler",2002,50,1,2,9648,8969,679,7
"Schuyler",2003,50,1,2,9778,9139,639,6.5
"Schuyler",2004,50,1,2,9773,9187,586,6
"Schuyler",2005,50,1,2,9876,9335,541,5.5
"Schuyler",2006,50,1,2,9973,9471,502,5
"Schuyler",2007,50,1,2,9946,9458,488,4.9
"Schuyler",2008,50,1,2,10078,9501,577,5.7
"Schuyler",2009,50,1,2,10059,9206,853,8.5
"Schuyler",2010,50,1,2,9053,8213,840,9.3
"Schuyler",2011,50,1,2,9022,8219,803,8.9
"Schuyler",2012,50,1,2,9021,8162,859,9.5
"Schuyler",2013,50,1,2,8873,8073,800,9
"Schuyler",2014,50,1,2,8595,7987,608,7.1
"Schuyler",2015,50,1,2,8339,7784,555,6.7
"Schuyler",2016,50,1,2,8281,7775,506,6.1
"Schuyler",2017,50,1,2,8363,7881,482,5.8
"Schuyler",2018,50,1,2,8407,7980,427,5.1
"Schuyler",2019,50,1,2,8264,7898,366,4.4
"Schuyler",2020,50,1,2,8228,7544,684,8.3
"Seneca",2000,50,1,2,16382,15706,676,4.1
"Seneca",2001,50,1,2,16509,15800,709,4.3
"Seneca",2002,50,1,2,17069,16136,933,5.5
"Seneca",2003,50,1,2,17168,16227,941,5.5
"Seneca",2004,50,1,2,17179,16271,908,5.3
"Seneca",2005,50,1,2,17327,16519,808,4.7
"Seneca",2006,50,1,2,17341,16564,777,4.5
"Seneca",2007,50,1,2,16960,16218,742,4.4
"Seneca",2008,50,1,2,17052,16123,929,5.4
"Seneca",2009,50,1,2,17212,15886,1326,7.7
"Seneca",2010,50,1,2,16439,15065,1374,8.4
"Seneca",2011,50,1,2,16127,14840,1287,8
"Seneca",2012,50,1,2,16217,14905,1312,8.1
"Seneca",2013,50,1,2,15901,14770,1131,7.1
"Seneca",2014,50,1,2,15497,14616,881,5.7
"Seneca",2015,50,1,2,15699,14883,816,5.2
"Seneca",2016,50,1,2,15494,14743,751,4.8
"Seneca",2017,50,1,2,16370,15631,739,4.5
"Seneca",2018,50,1,2,16447,15818,629,3.8
"Seneca",2019,50,1,2,16343,15744,599,3.7
"Seneca",2020,50,1,2,15606,14388,1218,7.8
"St. Lawrence",2000,NA,NA,NA,NA,NA,NA,NA
"St. Lawrence",2001,NA,NA,NA,NA,NA,NA,NA
"St. Lawrence",2002,NA,NA,NA,NA,NA,NA,NA
"St. Lawrence",2003,NA,NA,NA,NA,NA,NA,NA
"St. Lawrence",2004,NA,NA,NA,NA,NA,NA,NA
"St. Lawrence",2005,NA,NA,NA,NA,NA,NA,NA
"St. Lawrence",2006,NA,NA,NA,NA,NA,NA,NA
"St. Lawrence",2007,NA,NA,NA,NA,NA,NA,NA
"St. Lawrence",2008,NA,NA,NA,NA,NA,NA,NA
"St. Lawrence",2009,NA,NA,NA,NA,NA,NA,NA
"St. Lawrence",2010,NA,NA,NA,NA,NA,NA,NA
"St. Lawrence",2011,NA,NA,NA,NA,NA,NA,NA
"St. Lawrence",2012,NA,NA,NA,NA,NA,NA,NA
"St. Lawrence",2013,NA,NA,NA,NA,NA,NA,NA
"St. Lawrence",2014,NA,NA,NA,NA,NA,NA,NA
"St. Lawrence",2015,NA,NA,NA,NA,NA,NA,NA
"St. Lawrence",2016,NA,NA,NA,NA,NA,NA,NA
"St. Lawrence",2017,NA,NA,NA,NA,NA,NA,NA
"St. Lawrence",2018,NA,NA,NA,NA,NA,NA,NA
"St. Lawrence",2019,NA,NA,NA,NA,NA,NA,NA
"St. Lawrence",2020,NA,NA,NA,NA,NA,NA,NA
"Statewide Total",2000,NA,NA,NA,NA,NA,NA,NA
"Statewide Total",2001,NA,NA,NA,NA,NA,NA,NA
"Statewide Total",2002,NA,NA,NA,NA,NA,NA,NA
"Statewide Total",2003,NA,NA,NA,NA,NA,NA,NA
"Statewide Total",2004,NA,NA,NA,NA,NA,NA,NA
"Statewide Total",2005,NA,NA,NA,NA,NA,NA,NA
"Statewide Total",2006,NA,NA,NA,NA,NA,NA,NA
"Statewide Total",2007,NA,NA,NA,NA,NA,NA,NA
"Statewide Total",2008,NA,NA,NA,NA,NA,NA,NA
"Statewide Total",2009,NA,NA,NA,NA,NA,NA,NA
"Statewide Total",2010,NA,NA,NA,NA,NA,NA,NA
"Statewide Total",2011,NA,NA,NA,NA,NA,NA,NA
"Statewide Total",2012,NA,NA,NA,NA,NA,NA,NA
"Statewide Total",2013,NA,NA,NA,NA,NA,NA,NA
"Statewide Total",2014,NA,NA,NA,NA,NA,NA,NA
"Steuben",2000,50,1,2,47928,45979,1949,4.1
"Steuben",2001,50,1,2,48328,45951,2377,4.9
"Steuben",2002,50,1,2,47128,43747,3381,7.2
"Steuben",2003,50,1,2,44916,41587,3329,7.4
"Steuben",2004,50,1,2,44017,41168,2849,6.5
"Steuben",2005,50,1,2,44571,42040,2531,5.7
"Steuben",2006,50,1,2,44716,42371,2345,5.2
"Steuben",2007,50,1,2,44642,42337,2305,5.2
"Steuben",2008,50,1,2,45565,42828,2737,6
"Steuben",2009,50,1,2,46044,41528,4516,9.8
"Steuben",2010,50,1,2,47365,42744,4621,9.8
"Steuben",2011,50,1,2,46196,41952,4244,9.2
"Steuben",2012,50,1,2,45766,41432,4334,9.5
"Steuben",2013,50,1,2,45649,41698,3951,8.7
"Steuben",2014,50,1,2,44037,40980,3057,6.9
"Steuben",2015,50,1,2,43642,40872,2770,6.3
"Steuben",2016,50,1,2,43187,40628,2559,5.9
"Steuben",2017,50,1,2,43455,40984,2471,5.7
"Steuben",2018,50,1,2,43549,41418,2131,4.9
"Steuben",2019,50,1,2,43539,41637,1902,4.4
"Steuben",2020,50,1,2,42899,39530,3369,7.9
"Suffolk",2000,50,1,2,733284,708288,24996,3.4
"Suffolk",2001,50,1,2,737297,709201,28096,3.8
"Suffolk",2002,50,1,2,754090,718442,35648,4.7
"Suffolk",2003,50,1,2,760406,723488,36918,4.9
"Suffolk",2004,50,1,2,767042,730779,36263,4.7
"Suffolk",2005,50,1,2,777197,744496,32701,4.2
"Suffolk",2006,50,1,2,787335,756568,30767,3.9
"Suffolk",2007,50,1,2,786514,756666,29848,3.8
"Suffolk",2008,50,1,2,793907,754554,39353,5
"Suffolk",2009,50,1,2,792114,733488,58626,7.4
"Suffolk",2010,50,1,2,778551,716989,61562,7.9
"Suffolk",2011,50,1,2,771638,712479,59159,7.7
"Suffolk",2012,50,1,2,778227,716784,61443,7.9
"Suffolk",2013,50,1,2,780519,727742,52777,6.8
"Suffolk",2014,50,1,2,765069,723564,41505,5.4
"Suffolk",2015,50,1,2,774850,738096,36754,4.7
"Suffolk",2016,50,1,2,774238,739954,34284,4.4
"Suffolk",2017,50,1,2,791045,755844,35201,4.4
"Suffolk",2018,50,1,2,793691,763450,30241,3.8
"Suffolk",2019,50,1,2,798396,770183,28213,3.5
"Suffolk",2020,50,1,2,783518,719988,63530,8.1
"Sullivan",2000,50,1,2,33050,31618,1432,4.3
"Sullivan",2001,50,1,2,33278,31764,1514,4.5
"Sullivan",2002,50,1,2,34329,32598,1731,5
"Sullivan",2003,50,1,2,34368,32545,1823,5.3
"Sullivan",2004,50,1,2,34839,32968,1871,5.4
"Sullivan",2005,50,1,2,35137,33428,1709,4.9
"Sullivan",2006,50,1,2,35396,33613,1783,5
"Sullivan",2007,50,1,2,35155,33353,1802,5.1
"Sullivan",2008,50,1,2,35380,33103,2277,6.4
"Sullivan",2009,50,1,2,35397,32273,3124,8.8
"Sullivan",2010,50,1,2,36509,33196,3313,9.1
"Sullivan",2011,50,1,2,35535,32361,3174,8.9
"Sullivan",2012,50,1,2,35265,32006,3259,9.2
"Sullivan",2013,50,1,2,34561,31677,2884,8.3
"Sullivan",2014,50,1,2,33241,31034,2207,6.6
"Sullivan",2015,50,1,2,33658,31826,1832,5.4
"Sullivan",2016,50,1,2,34048,32392,1656,4.9
"Sullivan",2017,50,1,2,34938,33233,1705,4.9
"Sullivan",2018,50,1,2,36724,35228,1496,4.1
"Sullivan",2019,50,1,2,37496,36079,1417,3.8
"Sullivan",2020,50,1,2,36673,33602,3071,8.4
"Tioga",2000,50,1,2,26465,25559,906,3.4
"Tioga",2001,50,1,2,26478,25387,1091,4.1
"Tioga",2002,50,1,2,26735,25253,1482,5.5
"Tioga",2003,50,1,2,26304,24803,1501,5.7
"Tioga",2004,50,1,2,26077,24700,1377,5.3
"Tioga",2005,50,1,2,26295,25050,1245,4.7
"Tioga",2006,50,1,2,26464,25328,1136,4.3
"Tioga",2007,50,1,2,26127,24923,1204,4.6
"Tioga",2008,50,1,2,26164,24797,1367,5.2
"Tioga",2009,50,1,2,26255,24098,2157,8.2
"Tioga",2010,50,1,2,26588,24427,2161,8.1
"Tioga",2011,50,1,2,25853,23851,2002,7.7
"Tioga",2012,50,1,2,25429,23394,2035,8
"Tioga",2013,50,1,2,24943,23121,1822,7.3
"Tioga",2014,50,1,2,23748,22288,1460,6.1
"Tioga",2015,50,1,2,23346,22042,1304,5.6
"Tioga",2016,50,1,2,23027,21824,1203,5.2
"Tioga",2017,50,1,2,23168,21984,1184,5.1
"Tioga",2018,50,1,2,23373,22360,1013,4.3
"Tioga",2019,50,1,2,23218,22298,920,4
"Tioga",2020,50,1,2,22658,20957,1701,7.5
"Tompkins",2000,50,1,2,50666,49018,1648,3.3
"Tompkins",2001,50,1,2,51262,49532,1730,3.4
"Tompkins",2002,50,1,2,52573,50407,2166,4.1
"Tompkins",2003,50,1,2,53241,51117,2124,4
"Tompkins",2004,50,1,2,53872,51672,2200,4.1
"Tompkins",2005,50,1,2,54567,52614,1953,3.6
"Tompkins",2006,50,1,2,55395,53511,1884,3.4
"Tompkins",2007,50,1,2,55255,53423,1832,3.3
"Tompkins",2008,50,1,2,55800,53517,2283,4.1
"Tompkins",2009,50,1,2,56668,53291,3377,6
"Tompkins",2010,50,1,2,54798,51355,3443,6.3
"Tompkins",2011,50,1,2,54259,50948,3311,6.1
"Tompkins",2012,50,1,2,54976,51558,3418,6.2
"Tompkins",2013,50,1,2,55830,52848,2982,5.3
"Tompkins",2014,50,1,2,54678,52262,2416,4.4
"Tompkins",2015,50,1,2,50336,48107,2229,4.4
"Tompkins",2016,50,1,2,50377,48245,2132,4.2
"Tompkins",2017,50,1,2,50839,48645,2194,4.3
"Tompkins",2018,50,1,2,51122,49287,1835,3.6
"Tompkins",2019,50,1,2,50489,48733,1756,3.5
"Tompkins",2020,50,1,2,49802,46903,2899,5.8
"Ulster",2000,50,1,2,88281,85155,3126,3.5
"Ulster",2001,50,1,2,88223,84873,3350,3.8
"Ulster",2002,50,1,2,90793,86753,4040,4.4
"Ulster",2003,50,1,2,91329,87108,4221,4.6
"Ulster",2004,50,1,2,91155,86667,4488,4.9
"Ulster",2005,50,1,2,91759,87759,4000,4.4
"Ulster",2006,50,1,2,92584,88753,3831,4.1
"Ulster",2007,50,1,2,90314,86455,3859,4.3
"Ulster",2008,50,1,2,90018,85167,4851,5.4
"Ulster",2009,50,1,2,89978,82926,7052,7.8
"Ulster",2010,50,1,2,93679,86236,7443,7.9
"Ulster",2011,50,1,2,91417,84188,7229,7.9
"Ulster",2012,50,1,2,90914,83282,7632,8.4
"Ulster",2013,50,1,2,90249,83635,6614,7.3
"Ulster",2014,50,1,2,87883,82831,5052,5.7
"Ulster",2015,50,1,2,88193,83923,4270,4.8
"Ulster",2016,50,1,2,88189,84222,3967,4.5
"Ulster",2017,50,1,2,89679,85621,4058,4.5
"Ulster",2018,50,1,2,90217,86721,3496,3.9
"Ulster",2019,50,1,2,89940,86710,3230,3.6
"Ulster",2020,50,1,2,87931,81165,6766,7.7
"Warren",2000,50,1,2,33234,31859,1375,4.1
"Warren",2001,50,1,2,33297,31820,1477,4.4
"Warren",2002,50,1,2,33757,32060,1697,5
"Warren",2003,50,1,2,34456,32677,1779,5.2
"Warren",2004,50,1,2,34911,33180,1731,5
"Warren",2005,50,1,2,35450,33825,1625,4.6
"Warren",2006,50,1,2,36515,34880,1635,4.5
"Warren",2007,50,1,2,36254,34666,1588,4.4
"Warren",2008,50,1,2,36405,34380,2025,5.6
"Warren",2009,50,1,2,36446,33520,2926,8
"Warren",2010,50,1,2,34192,31054,3138,9.2
"Warren",2011,50,1,2,33672,30644,3028,9
"Warren",2012,50,1,2,33716,30577,3139,9.3
"Warren",2013,50,1,2,33115,30340,2775,8.4
"Warren",2014,50,1,2,32260,30116,2144,6.6
"Warren",2015,50,1,2,32202,30407,1795,5.6
"Warren",2016,50,1,2,32003,30292,1711,5.3
"Warren",2017,50,1,2,32434,30733,1701,5.2
"Warren",2018,50,1,2,32221,30734,1487,4.6
"Warren",2019,50,1,2,31943,30545,1398,4.4
"Warren",2020,50,1,2,31553,28988,2565,8.1
"Washington",2000,50,1,2,30056,28946,1110,3.7
"Washington",2001,50,1,2,30111,28898,1213,4
"Washington",2002,50,1,2,30424,29009,1415,4.7
"Washington",2003,50,1,2,30940,29514,1426,4.6
"Washington",2004,50,1,2,31717,30203,1514,4.8
"Washington",2005,50,1,2,32123,30683,1440,4.5
"Washington",2006,50,1,2,32898,31553,1345,4.1
"Washington",2007,50,1,2,32343,31024,1319,4.1
"Washington",2008,50,1,2,32596,30879,1717,5.3
"Washington",2009,50,1,2,32518,30059,2459,7.6
"Washington",2010,50,1,2,30265,27716,2549,8.4
"Washington",2011,50,1,2,29772,27340,2432,8.2
"Washington",2012,50,1,2,29857,27351,2506,8.4
"Washington",2013,50,1,2,29383,27135,2248,7.7
"Washington",2014,50,1,2,28530,26779,1751,6.1
"Washington",2015,50,1,2,28605,27159,1446,5.1
"Washington",2016,50,1,2,28352,27012,1340,4.7
"Washington",2017,50,1,2,28646,27325,1321,4.6
"Washington",2018,50,1,2,28554,27376,1178,4.1
"Washington",2019,50,1,2,28559,27450,1109,3.9
"Washington",2020,50,1,2,27737,25816,1921,6.9
"Wayne",2000,50,1,2,48843,46999,1844,3.8
"Wayne",2001,50,1,2,48714,46465,2249,4.6
"Wayne",2002,50,1,2,49113,46000,3113,6.3
"Wayne",2003,50,1,2,48678,45751,2927,6
"Wayne",2004,50,1,2,48399,45697,2702,5.6
"Wayne",2005,50,1,2,48959,46552,2407,4.9
"Wayne",2006,50,1,2,48622,46353,2269,4.7
"Wayne",2007,50,1,2,47470,45264,2206,4.6
"Wayne",2008,50,1,2,47814,45050,2764,5.8
"Wayne",2009,50,1,2,47710,43678,4032,8.5
"Wayne",2010,50,1,2,47452,43191,4261,9
"Wayne",2011,50,1,2,46497,42565,3932,8.5
"Wayne",2012,50,1,2,46460,42421,4039,8.7
"Wayne",2013,50,1,2,45916,42348,3568,7.8
"Wayne",2014,50,1,2,44353,41591,2762,6.2
"Wayne",2015,50,1,2,44217,41844,2373,5.4
"Wayne",2016,50,1,2,44010,41779,2231,5.1
"Wayne",2017,50,1,2,44470,42273,2197,4.9
"Wayne",2018,50,1,2,44739,42900,1839,4.1
"Wayne",2019,50,1,2,44990,43264,1726,3.8
"Wayne",2020,50,1,2,43813,40696,3117,7.1
"Westchester",2000,50,1,2,462283,446737,15546,3.4
"Westchester",2001,50,1,2,463890,446337,17553,3.8
"Westchester",2002,50,1,2,471279,449680,21599,4.6
"Westchester",2003,50,1,2,471683,450228,21455,4.5
"Westchester",2004,50,1,2,476767,455285,21482,4.5
"Westchester",2005,50,1,2,482182,462826,19356,4
"Westchester",2006,50,1,2,487586,469079,18507,3.8
"Westchester",2007,50,1,2,488704,470894,17810,3.6
"Westchester",2008,50,1,2,492072,468768,23304,4.7
"Westchester",2009,50,1,2,487767,452610,35157,7.2
"Westchester",2010,50,1,2,479056,443099,35957,7.5
"Westchester",2011,50,1,2,474161,440360,33801,7.1
"Westchester",2012,50,1,2,476735,441625,35110,7.4
"Westchester",2013,50,1,2,476999,446382,30617,6.4
"Westchester",2014,50,1,2,470006,445694,24312,5.2
"Westchester",2015,50,1,2,477632,455780,21852,4.6
"Westchester",2016,50,1,2,477963,457115,20848,4.4
"Westchester",2017,50,1,2,489676,467736,21940,4.5
"Westchester",2018,50,1,2,492703,473717,18986,3.9
"Westchester",2019,50,1,2,498184,480302,17882,3.6
"Westchester",2020,50,1,2,488596,449454,39142,8
"Wyoming",2000,50,1,2,20283,19332,951,4.7
"Wyoming",2001,50,1,2,20315,19316,999,4.9
"Wyoming",2002,50,1,2,21212,19986,1226,5.8
"Wyoming",2003,50,1,2,21081,19790,1291,6.1
"Wyoming",2004,50,1,2,20951,19629,1322,6.3
"Wyoming",2005,50,1,2,21419,20291,1128,5.3
"Wyoming",2006,50,1,2,21833,20769,1064,4.9
"Wyoming",2007,50,1,2,21381,20351,1030,4.8
"Wyoming",2008,50,1,2,21224,19921,1303,6.1
"Wyoming",2009,50,1,2,21041,19127,1914,9.1
"Wyoming",2010,50,1,2,19470,17601,1869,9.6
"Wyoming",2011,50,1,2,18909,17246,1663,8.8
"Wyoming",2012,50,1,2,18876,17183,1693,9
"Wyoming",2013,50,1,2,18800,17272,1528,8.1
"Wyoming",2014,50,1,2,18331,17126,1205,6.6
"Wyoming",2015,50,1,2,18350,17307,1043,5.7
"Wyoming",2016,50,1,2,18115,17133,982,5.4
"Wyoming",2017,50,1,2,18237,17220,1017,5.6
"Wyoming",2018,50,1,2,18363,17520,843,4.6
"Wyoming",2019,50,1,2,18543,17767,776,4.2
"Wyoming",2020,50,1,2,18284,16964,1320,7.2
"Yates",2000,50,1,2,12085,11640,445,3.7
"Yates",2001,50,1,2,12031,11571,460,3.8
"Yates",2002,50,1,2,12585,11966,619,4.9
"Yates",2003,50,1,2,12876,12250,626,4.9
"Yates",2004,50,1,2,13024,12424,600,4.6
"Yates",2005,50,1,2,12988,12427,561,4.3
"Yates",2006,50,1,2,13060,12510,550,4.2
"Yates",2007,50,1,2,13030,12493,537,4.1
"Yates",2008,50,1,2,13140,12505,635,4.8
"Yates",2009,50,1,2,13235,12328,907,6.9
"Yates",2010,50,1,2,12239,11317,922,7.5
"Yates",2011,50,1,2,12104,11190,914,7.6
"Yates",2012,50,1,2,12071,11116,955,7.9
"Yates",2013,50,1,2,11961,11122,839,7
"Yates",2014,50,1,2,11677,11011,666,5.7
"Yates",2015,50,1,2,11722,11134,588,5
"Yates",2016,50,1,2,11720,11194,526,4.5
"Yates",2017,50,1,2,11838,11322,516,4.4
"Yates",2018,50,1,2,12044,11593,451,3.7
"Yates",2019,50,1,2,12223,11788,435,3.6
"Yates",2020,50,1,2,11844,11103,741,6.3
